    {
      "responses": [
        {
          "is": {
            "statusCode": 200,
            "body": "<%- stringify(filename, 'responses/line_solution.json') %>"
          }
        }
      ],
      "predicates": [
        {
          "and": [
            {
              "equals": {
                "method": "GET"
              }
            },
            {
              "matches": {
                "path": "/line_solutions/.*/lines"
              }
            }
          ]
        }
      ]
    },
    {
      "responses": [
        { "is": { "statusCode": 200 }}
      ],
      "predicates": [{
        "and": [
          {
            "equals": {
              "path": "/test",
              "method": "POST",
              "headers": { "Content-Type": "application/json" }
            }
          },
          {
            "not": {
              "contains": { "body": "requiredField" },
              "caseSensitive": true
            }
          }
        ]
      }]
    }