    {
      "responses": [
        {
          "is": {
            "statusCode": 200,
            "body": "<%- stringify(filename, 'responses/line_solution.json') %>"
          }
        }
      ],
      "predicates": [
        {
          "and": [
            {
              "equals": {
                "method": "GET"
              }
            },
            {
              "matches": {
                "path": "/line_solutions/.*/lines"
              }
            }
          ]
        }
      ]
    }