{
  "consumer": {
    "name": "Our Little Consumer"
  },
  "provider": {
    "name": "Our Provider"
  },
  "interactions": [
    {
      "description": "a request for JSON data",
      "providerState": "get valid response",
      "request": {
        "method": "GET",
        "path": "/line_solutions/8f91d724-2002-46ec-9014-1c9b10f1038a/lines"
      },
      "response": {
        "status": 200,
        "headers": {
          "Content-Type": "application/json; charset=utf-8"
        }
      }
    }
  ],
  "metadata": {
    "pactSpecification": {
      "version": "2.0.0"
    }
  }
}